login,full_name,created_at,pushed_at,stargazers_count,watchers_count,language,has_projects,has_wiki,license_name
xtlsoft,xtlsoft/helm,2024-10-28T13:42:17Z,2024-10-28T13:54:10Z,0,0,Go,True,True,Apache License 2.0
Vonng,Vonng/CF-Workers-docker.io,2024-10-28T09:16:15Z,2024-09-21T10:30:04Z,0,0,,True,False,
opsnull,opsnull/dotzed,2024-10-28T07:43:18Z,2024-10-28T09:03:15Z,0,0,,True,True,
Pana,Pana/jsonrpsee,2024-10-28T06:54:56Z,2024-10-28T06:55:19Z,0,0,Rust,True,False,MIT License
lilydjwg,lilydjwg/lilysetup-rs,2024-10-28T04:51:48Z,2024-10-28T04:52:04Z,0,0,Rust,True,True,
wszqkzqk,wszqkzqk/systemd,2024-10-28T04:10:12Z,2024-10-28T04:54:00Z,0,0,,True,False,GNU General Public License v2.0
wfnuser,wfnuser/Heimdallr,2024-10-27T15:35:19Z,2024-10-27T15:35:20Z,0,0,,True,True,Apache License 2.0
FASTSHIFT,FASTSHIFT/dxvk,2024-10-27T13:41:41Z,2024-10-27T11:58:31Z,0,0,,True,True,zlib License
soulteary,soulteary/webui-aria2,2024-10-27T07:40:40Z,2024-10-27T15:19:53Z,0,0,JavaScript,True,True,MIT License
hailiang-wang,hailiang-wang/jql6.github.io,2024-10-27T03:43:38Z,2022-06-08T05:37:25Z,0,0,,True,True,
hailiang-wang,hailiang-wang/NNDL-solutions,2024-10-27T03:40:48Z,2021-03-28T21:01:16Z,0,0,,True,True,
sunner,sunner/test,2024-10-27T03:27:01Z,2024-10-27T03:33:34Z,0,0,,True,True,
wszqkzqk,wszqkzqk/ogre-next,2024-10-26T15:22:45Z,2024-10-26T15:31:00Z,0,0,,True,True,Other
huandu,huandu/strapi,2024-10-25T06:30:44Z,2024-10-24T16:15:40Z,0,0,,True,False,Other
thu-ml,thu-ml/DBIM,2024-10-25T02:51:08Z,2024-10-25T02:51:08Z,1,1,,True,True,
wszqkzqk,wszqkzqk/fwupd-efi,2024-10-24T14:43:49Z,2024-10-21T06:38:56Z,0,0,,True,False,GNU Lesser General Public License v2.1
rainx,rainx/slack-edge,2024-10-24T06:48:34Z,2024-10-24T06:51:39Z,0,0,,True,False,MIT License
sunner,sunner/dify,2024-10-24T06:27:41Z,2024-10-24T06:34:50Z,0,0,TypeScript,True,False,Other
sunner,sunner/ai-shifu,2024-10-23T22:51:32Z,2024-10-28T11:01:46Z,0,0,Python,True,False,Other
xtlsoft,xtlsoft/qemu,2024-10-23T16:33:49Z,2024-10-22T13:58:49Z,0,0,,True,False,Other
shiyanhui,shiyanhui/monokai-pro.nvim,2024-10-23T12:01:50Z,2024-10-23T12:55:08Z,0,0,Lua,True,True,MIT License
rfyiamcool,rfyiamcool/kitexcall,2024-10-23T07:07:48Z,2024-10-23T09:42:06Z,0,0,Go,True,True,Apache License 2.0
cyyself,cyyself/cyy-tools,2024-10-23T07:04:33Z,2024-10-23T07:06:52Z,0,0,Python,True,True,
tonyseek,tonyseek/gcovr,2024-10-23T06:17:10Z,2024-10-22T21:38:43Z,0,0,,True,False,Other
LinuxSuRen,LinuxSuRen/crproxy,2024-10-23T05:36:47Z,2024-10-23T06:03:00Z,0,0,,True,True,MIT License
shenzhe,shenzhe/playlet,2024-10-23T00:18:49Z,2024-10-23T00:19:59Z,0,0,,True,True,
wszqkzqk,wszqkzqk/vapoursynth-mvtools,2024-10-22T15:06:40Z,2024-10-22T15:13:01Z,1,1,,True,True,
picoxr,picoxr/godot,2024-10-22T14:46:58Z,2024-10-23T15:26:03Z,3,3,,True,False,MIT License
icarusion,icarusion/aircraft,2024-10-22T12:34:32Z,2024-10-22T13:18:33Z,0,0,Python,True,True,MIT License
yangfuhai,yangfuhai/Stirling-PDF,2024-10-22T10:40:25Z,2024-10-22T10:31:03Z,0,0,,True,True,MIT License
rfyiamcool,rfyiamcool/egressgateway,2024-10-22T09:08:54Z,2024-10-28T09:50:01Z,0,0,Go,True,True,Apache License 2.0
Relph1119,Relph1119/math-learning-notes,2024-10-22T05:23:39Z,2024-10-22T05:44:00Z,1,1,,True,True,
wfnuser,wfnuser/polkadot-hackathon-2024,2024-10-22T03:12:00Z,2024-10-22T16:02:50Z,0,0,Rust,True,True,
Pana,Pana/reth,2024-10-21T10:41:01Z,2024-10-22T02:17:38Z,0,0,Rust,True,False,Apache License 2.0
lsongdev,lsongdev/quansheng-uvk6-firmware,2024-10-21T09:57:13Z,2024-10-24T12:43:17Z,0,0,C++,True,False,Apache License 2.0
chenryn,chenryn/logsllm_datasets,2024-10-21T09:40:56Z,2024-10-22T02:08:20Z,2,2,Shell,True,True,Creative Commons Zero v1.0 Universal
msnh2012,msnh2012/IMGUI_KITS_ImGuiTextSelect,2024-10-21T06:46:31Z,2024-08-29T23:17:43Z,0,0,,True,False,MIT License
Vonng,Vonng/pg_summarize,2024-10-20T03:42:57Z,2024-06-17T13:26:46Z,0,0,,True,False,
Vonng,Vonng/pg_polyline,2024-10-20T03:34:18Z,2024-10-20T03:35:43Z,0,0,Rust,True,True,MIT License
FASTSHIFT,FASTSHIFT/mlx90640-library,2024-10-19T13:06:55Z,2024-10-19T13:27:15Z,0,0,,True,True,Apache License 2.0
FASTSHIFT,FASTSHIFT/X-HeatEye,2024-10-19T12:35:10Z,2024-10-19T12:35:11Z,0,0,,True,True,MIT License
runner365,runner365/cpp_websocket,2024-10-19T03:10:22Z,2024-10-23T12:38:16Z,5,5,C++,True,True,
mozillazg,mozillazg/cri-client,2024-10-19T01:58:37Z,2024-10-19T02:33:52Z,0,0,,True,False,Apache License 2.0
mozillazg,mozillazg/cri-api,2024-10-18T12:34:20Z,2024-10-19T01:40:48Z,0,0,,True,True,Apache License 2.0
thunlp,thunlp/Dynamics-of-Zero-Shot-Generalization,2024-10-18T09:33:54Z,2024-10-18T09:37:04Z,1,1,Python,True,True,
AmazingAng,AmazingAng/generative_agents,2024-10-18T07:44:47Z,2024-10-18T08:54:56Z,2,2,Python,True,False,Apache License 2.0
tonyseek,tonyseek/python-protobuf-relocate,2024-10-17T16:20:28Z,2024-10-17T16:21:51Z,0,0,Python,True,True,MIT License
hua1995116,hua1995116/ai-outpainting-com,2024-10-17T04:43:13Z,2024-10-17T02:50:13Z,0,0,,True,True,
hardfist,hardfist/purge-tailwind-plugin,2024-10-16T13:00:42Z,2024-10-17T06:14:18Z,3,3,JavaScript,True,True,
wfnuser,wfnuser/soulforge,2024-10-16T09:33:01Z,2024-10-16T10:03:39Z,0,0,,True,False,MIT License
cucygh,cucygh/theByteBook,2024-10-16T06:40:29Z,2024-10-15T01:59:56Z,0,0,,True,True,
the5fire,the5fire/TDengine,2024-10-16T03:10:26Z,2024-10-16T03:11:13Z,0,0,,True,False,GNU Affero General Public License v3.0
Vonng,Vonng/pgvectorscale,2024-10-16T01:14:27Z,2024-10-16T01:16:06Z,0,0,Rust,True,False,PostgreSQL License
hardfist,hardfist/performance-compare-ng,2024-10-15T23:16:51Z,2024-10-23T11:29:33Z,3,3,JavaScript,True,True,
wanglong,wanglong/wpfui,2024-10-15T14:15:01Z,2024-08-15T23:49:50Z,0,0,,True,False,MIT License
qcrao,qcrao/learn-english-in-RR,2024-10-15T02:07:19Z,2024-10-23T14:12:18Z,1,1,JavaScript,True,False,MIT License
Fallen-Breath,Fallen-Breath/worldedit-hang-fix,2024-10-14T19:42:01Z,2024-10-15T18:36:11Z,3,3,Java,True,False,GNU Lesser General Public License v3.0
thu-ml,thu-ml/CCA,2024-10-14T13:50:43Z,2024-10-28T14:22:23Z,16,16,Python,True,True,MIT License
Vonng,Vonng/pg_tiktoken,2024-10-14T09:47:29Z,2024-10-15T09:58:40Z,0,0,Rust,True,True,Apache License 2.0
wfnuser,wfnuser/zk-code,2024-10-14T09:22:45Z,2024-10-14T09:23:26Z,0,0,,True,True,
wfnuser,wfnuser/zk-code-test,2024-10-14T09:22:15Z,2024-10-15T06:08:51Z,0,0,,True,True,
drmingdrmer,drmingdrmer/suraft,2024-10-14T08:55:30Z,2024-10-14T14:43:37Z,3,3,,True,True,
Vonng,Vonng/pgsmcrypto,2024-10-14T08:38:15Z,2024-10-15T09:59:24Z,1,1,Rust,True,True,MIT License
wszqkzqk,wszqkzqk/Cataclysm-DDA,2024-10-14T08:24:06Z,2024-10-14T12:14:51Z,0,0,,True,True,Other
soulteary,soulteary/ssh-config,2024-10-13T03:53:48Z,2024-10-22T16:37:01Z,46,46,Go,True,False,Apache License 2.0
ydsf16,ydsf16/rovio_multi,2024-10-12T16:03:19Z,2024-01-10T10:39:22Z,0,0,,True,True,Other
imfht,imfht/dnd-charts,2024-10-12T14:39:28Z,2024-10-16T14:48:28Z,0,0,JavaScript,True,True,
wszqkzqk,wszqkzqk/toolbox,2024-10-12T08:02:16Z,2024-10-05T12:42:54Z,0,0,,True,False,Apache License 2.0
tao12345666333,tao12345666333/github-universe-live-cn,2024-10-11T11:16:14Z,2024-10-11T12:01:49Z,0,0,,True,True,MIT License
longcw,longcw/agents,2024-10-11T10:31:35Z,2024-10-11T10:36:52Z,0,0,,True,True,Apache License 2.0
thu,thu/openscad,2024-10-11T01:22:41Z,2024-10-12T00:38:20Z,0,0,OpenSCAD,True,True,
wizardforcel,wizardforcel/comic-translate,2024-10-11T00:32:35Z,2024-10-09T23:32:31Z,0,0,,True,True,Apache License 2.0
thunlp,thunlp/Optima,2024-10-10T14:46:15Z,2024-10-15T10:14:40Z,29,29,Python,True,True,
wfnuser,wfnuser/ZKPedia,2024-10-10T14:04:01Z,2024-10-10T14:16:38Z,0,0,,True,True,
maotoumao,maotoumao/blog,2024-10-10T12:52:43Z,2024-10-14T15:56:02Z,0,0,,True,True,
ouuan,ouuan/fonts,2024-10-10T06:20:08Z,2024-10-10T14:42:21Z,0,0,,True,True,
wszqkzqk,wszqkzqk/zig,2024-10-10T06:02:11Z,2024-10-10T06:16:07Z,0,0,,True,True,MIT License
drmingdrmer,drmingdrmer/codeq,2024-10-10T02:14:21Z,2024-10-23T07:12:25Z,1,1,Rust,True,True,Apache License 2.0
ezshine,ezshine/XAutomaForEZBDC,2024-10-09T15:27:55Z,2024-10-28T01:21:26Z,0,0,JavaScript,True,True,GNU General Public License v3.0
wfnuser,wfnuser/pypcs,2024-10-09T14:14:30Z,2024-10-26T16:04:01Z,0,0,Python,True,True,
wfnuser,wfnuser/zklings,2024-10-09T13:52:53Z,2024-10-24T09:34:50Z,0,0,,True,False,MIT License
thunlp,thunlp/LoRAFlow,2024-10-09T11:38:18Z,2024-10-09T12:10:33Z,4,4,Python,True,True,
su18,su18/CTF-NetA,2024-10-09T07:46:31Z,2024-09-30T07:23:32Z,3,3,,True,True,MIT License
zhuzilin,zhuzilin/unilm,2024-10-09T03:52:15Z,2024-10-09T06:36:18Z,1,1,,True,True,MIT License
wszqkzqk,wszqkzqk/kde-build-loong64,2024-10-09T03:08:13Z,2024-10-19T19:07:07Z,0,0,Shell,True,True,
drmingdrmer,drmingdrmer/raft-log,2024-10-09T02:39:29Z,2024-10-28T02:25:21Z,0,0,Rust,True,True,Apache License 2.0
wszqkzqk,wszqkzqk/mono,2024-10-08T13:56:13Z,2024-10-08T14:17:18Z,0,0,,True,True,Other
msnh2012,msnh2012/protobuf,2024-10-08T11:00:50Z,2024-10-08T11:00:30Z,0,0,,True,True,Other
msnh2012,msnh2012/AimRT,2024-10-08T10:52:17Z,2024-09-30T09:22:52Z,0,0,,True,True,Other
cucygh,cucygh/ui,2024-10-08T04:52:14Z,2024-10-07T17:13:38Z,0,0,,True,False,MIT License
zhuzilin,zhuzilin/transformers,2024-10-08T03:42:38Z,2024-10-07T22:59:14Z,0,0,,True,True,Apache License 2.0
thunlp,thunlp/Adaptive-Note,2024-10-08T02:38:56Z,2024-10-18T13:50:52Z,35,35,Python,True,True,
drmingdrmer,drmingdrmer/bench-copy-clone,2024-10-08T02:33:49Z,2024-10-08T02:39:24Z,1,1,Rust,True,True,
thu-ml,thu-ml/RoboticsDiffusionTransformer,2024-10-07T10:08:30Z,2024-10-28T06:28:44Z,333,333,Python,True,True,MIT License
imDazui,imDazui/text-behind-image,2024-10-06T23:31:13Z,2024-10-06T03:59:37Z,0,0,,True,False,GNU Affero General Public License v3.0
Relph1119,Relph1119/hands-on-rust-game-development,2024-10-06T14:50:57Z,2024-10-06T15:02:14Z,3,3,Rust,True,True,
drmingdrmer,drmingdrmer/prost,2024-10-06T02:05:06Z,2024-10-02T14:37:22Z,0,0,,True,False,Apache License 2.0
drmingdrmer,drmingdrmer/dupit,2024-10-05T02:57:05Z,2024-10-06T14:16:02Z,1,1,Rust,True,True,Apache License 2.0
wszqkzqk,wszqkzqk/loongshot,2024-10-05T02:26:22Z,2024-10-05T07:13:33Z,0,0,Shell,True,True,"BSD 3-Clause ""New"" or ""Revised"" License"
cyyself,cyyself/riscv-c-api-doc,2024-10-04T08:18:40Z,2024-10-13T09:20:52Z,0,0,,True,True,Creative Commons Attribution 4.0 International
cyyself,cyyself/riscv-hwprobe-extmask-util,2024-10-04T07:24:18Z,2024-10-05T14:46:38Z,0,0,Python,True,True,
babysor,babysor/Amphion,2024-10-04T03:13:39Z,2024-10-14T13:00:38Z,0,0,,True,True,MIT License
xiaolai,xiaolai/Toddler-Picture-Story-Generator,2024-10-03T18:50:18Z,2024-10-05T15:09:50Z,32,32,Python,True,True,MIT License
XuehaiPan,XuehaiPan/nvidia-ml-py,2024-10-03T14:51:43Z,2024-10-03T18:53:31Z,1,1,Python,False,False,"BSD 2-Clause ""Simplified"" License"
thu-ml,thu-ml/SageAttention,2024-10-03T09:33:18Z,2024-10-24T09:26:16Z,327,327,Python,True,False,"BSD 3-Clause ""New"" or ""Revised"" License"
drmingdrmer,drmingdrmer/async-rt,2024-10-03T00:53:13Z,2024-10-03T00:53:13Z,0,0,,True,True,Apache License 2.0
Zheaoli,Zheaoli/which-cat-pee-on-sofa,2024-10-02T17:48:51Z,2024-10-03T13:38:30Z,12,12,Python,True,True,MIT License
Zheaoli,Zheaoli/wasmtime-python-demo,2024-10-02T12:15:07Z,2024-10-02T12:15:38Z,0,0,Rust,True,True,
thunlp,thunlp/LEAD,2024-10-02T11:15:25Z,2024-10-18T10:53:13Z,5,5,Python,True,True,MIT License
drmingdrmer,drmingdrmer/arrow-format,2024-10-02T09:41:28Z,2024-10-02T09:49:12Z,0,0,,True,True,Apache License 2.0
wszqkzqk,wszqkzqk/TypeScript,2024-10-02T05:55:41Z,2024-10-02T06:14:49Z,0,0,TypeScript,True,True,Apache License 2.0
wszqkzqk,wszqkzqk/yabause,2024-10-02T02:44:32Z,2024-10-02T02:48:49Z,0,0,C,True,True,
taowen,taowen/story,2024-10-02T01:22:58Z,2024-10-07T23:51:28Z,0,0,Python,True,True,
xiaolai,xiaolai/toggle-chat-list,2024-10-01T10:18:38Z,2024-10-01T13:00:08Z,2,2,JavaScript,True,True,
wszqkzqk,wszqkzqk/diskus,2024-10-01T08:55:43Z,2024-10-01T09:49:57Z,1,1,Rust,True,True,Apache License 2.0
thu-ml,thu-ml/CEURL,2024-10-01T06:49:26Z,2024-10-13T08:13:16Z,9,9,Python,True,True,MIT License
zhuzilin,zhuzilin/vllm-group,2024-09-30T07:28:38Z,2024-10-10T12:32:21Z,7,7,Python,True,True,MIT License
mozillazg,mozillazg/mptcp_net-next,2024-09-30T02:55:37Z,2024-09-30T03:07:56Z,0,0,,True,True,Other
sunng87,sunng87/emacs-format-all-the-code,2024-09-29T21:37:27Z,2024-10-01T07:35:01Z,0,0,,True,True,MIT License
FASTSHIFT,FASTSHIFT/epsilon,2024-09-29T16:17:30Z,2024-08-06T21:24:39Z,0,0,,True,False,
DianQK,DianQK/veryl,2024-09-29T00:45:17Z,2024-09-29T01:15:05Z,0,0,,True,True,Other
xuexb,xuexb/rsbuild-plugin-eslint,2024-09-28T08:54:49Z,2024-09-28T08:58:00Z,0,0,,True,False,MIT License
shiyanhui,shiyanhui/whisper-asr-webservice,2024-09-28T08:44:25Z,2024-08-07T23:57:54Z,0,0,,True,False,MIT License
wszqkzqk,wszqkzqk/oneDNN,2024-09-28T03:10:53Z,2024-09-28T04:24:02Z,0,0,C++,True,False,Apache License 2.0
sunng87,sunng87/cargo-mode,2024-09-27T23:23:30Z,2024-10-09T23:00:35Z,0,0,,True,True,MIT License
Apache9,Apache9/hbase-release-audit,2024-09-27T14:43:09Z,2024-10-26T14:18:12Z,0,0,Python,True,True,
cucygh,cucygh/eBooks,2024-09-27T04:54:39Z,2021-05-14T17:31:00Z,0,0,,True,True,GNU Lesser General Public License v3.0
yangfuhai,yangfuhai/awesome-tiptap,2024-09-27T04:25:59Z,2024-09-27T04:29:12Z,0,0,,True,False,
thu-ml,thu-ml/Efficient-Diffusion-Alignment,2024-09-26T12:02:19Z,2024-09-26T12:07:34Z,6,6,,True,True,MIT License
imDazui,imDazui/mapus,2024-09-25T23:44:23Z,2022-07-02T08:12:01Z,0,0,,True,True,MIT License
lsongdev,lsongdev/cf-bark-server,2024-09-25T10:38:20Z,2024-09-18T10:36:59Z,0,0,,True,True,GNU General Public License v3.0
Sunny-117,Sunny-117/chart,2024-09-25T09:30:58Z,2024-09-25T09:39:22Z,0,0,TypeScript,True,True,MIT License
cyyself,cyyself/nixpkgs,2024-09-25T07:46:06Z,2024-09-25T08:22:33Z,0,0,,True,False,MIT License
xinliangnote,xinliangnote/awesome-wails,2024-09-25T03:22:32Z,2024-09-07T06:34:04Z,0,0,,True,True,MIT License
daimajia,daimajia/Screenshot-API,2024-09-25T02:58:38Z,2024-04-08T23:34:23Z,1,1,,True,True,GNU Affero General Public License v3.0
wszqkzqk,wszqkzqk/vchecksum,2024-09-24T12:43:52Z,2024-10-21T17:57:19Z,0,0,Vala,True,True,GNU Lesser General Public License v2.1
hardfist,hardfist/tokio-demo,2024-09-23T15:15:40Z,2024-09-30T12:14:07Z,0,0,JavaScript,True,True,
cyyself,cyyself/OIerDb-data-generator,2024-09-23T14:13:11Z,2024-09-23T14:15:27Z,0,0,,True,False,GNU Affero General Public License v3.0
lsongdev,lsongdev/health,2024-09-23T11:45:49Z,2024-09-23T14:58:55Z,0,0,HTML,True,True,
baidu,baidu/mochow-sdk-rust,2024-09-23T11:09:32Z,2024-09-27T03:05:49Z,2,2,Rust,True,True,Apache License 2.0
baidu,baidu/mochow-sdk-java,2024-09-23T11:08:16Z,2024-09-27T03:46:22Z,2,2,Java,True,True,Apache License 2.0
baidu,baidu/mochow-sdk-go,2024-09-23T11:06:20Z,2024-09-26T13:34:17Z,1,1,Go,True,True,Apache License 2.0
thunlp,thunlp/LLMxMapReduce,2024-09-23T08:55:07Z,2024-10-16T04:37:52Z,47,47,Python,True,False,
the5fire,the5fire/SABR-Implied-Volatility,2024-09-23T03:05:16Z,2024-03-18T23:16:44Z,0,0,,True,False,
the5fire,the5fire/FX_Vol_Surface_Construction_SABR,2024-09-23T03:04:35Z,2024-09-16T17:32:09Z,0,0,,True,False,
the5fire,the5fire/SABR_local_vol,2024-09-23T03:02:28Z,2017-04-29T07:04:05Z,0,0,,True,True,MIT License
Fallen-Breath,Fallen-Breath/LetMeClickAndSendForServer,2024-09-22T17:23:00Z,2024-09-23T16:58:25Z,1,1,Java,True,False,GNU Lesser General Public License v3.0
yanyiwu,yanyiwu/simhash-demo,2024-09-22T09:13:04Z,2024-09-22T10:52:27Z,0,0,C++,True,True,MIT License
soulteary,soulteary/modelscope-open-world,2024-09-22T04:38:45Z,2024-09-23T01:55:08Z,0,0,Go,True,True,Apache License 2.0
hardfist,hardfist/espack,2024-09-22T03:17:29Z,2024-09-22T03:17:29Z,2,2,,True,True,MIT License
wszqkzqk,wszqkzqk/autotiling-rs,2024-09-21T15:05:16Z,2024-09-24T02:04:10Z,0,0,Rust,True,True,MIT License
yanyiwu,yanyiwu/cppjieba-demo,2024-09-21T07:43:50Z,2024-09-22T09:57:08Z,0,0,C++,True,True,MIT License
521xueweihan,521xueweihan/kotaemon,2024-09-21T07:00:45Z,2024-09-21T07:06:41Z,0,0,,True,True,Apache License 2.0
wszqkzqk,wszqkzqk/WebKit,2024-09-21T03:48:00Z,2024-09-21T02:59:54Z,0,0,,True,True,
zhuzilin,zhuzilin/vllm,2024-09-21T01:11:18Z,2024-09-30T03:03:44Z,0,0,,True,False,Apache License 2.0
wszqkzqk,wszqkzqk/libultrahdr,2024-09-20T07:48:19Z,2024-10-18T09:41:00Z,0,0,C++,True,False,Apache License 2.0
521xueweihan,521xueweihan/RSSHub,2024-09-19T15:20:22Z,2024-09-19T16:39:51Z,1,1,TypeScript,True,True,MIT License
thunlp,thunlp/ProactiveAgent,2024-09-19T15:02:33Z,2024-09-19T15:28:37Z,12,12,Python,True,True,Apache License 2.0
opsnull,opsnull/rust-telemetry-workshop,2024-09-18T12:25:14Z,2024-08-01T15:44:11Z,0,0,,True,True,
lxfater,lxfater/Kid-made-web-video-compression-tool,2024-09-17T11:42:01Z,2024-09-17T11:46:02Z,5,5,TypeScript,True,True,GNU Lesser General Public License v2.1
wfnuser,wfnuser/amphitheatre,2024-09-17T08:22:21Z,2024-09-17T00:49:46Z,3,3,,True,False,Apache License 2.0
slievrly,slievrly/agentscope,2024-09-17T02:32:42Z,2024-09-12T09:08:53Z,0,0,,True,True,Apache License 2.0
ezshine,ezshine/oneline.js,2024-09-16T19:17:39Z,2024-09-17T03:03:03Z,21,21,JavaScript,True,True,MIT License
shibing624,shibing624/open-o1,2024-09-16T16:37:19Z,2024-10-10T13:21:18Z,64,64,Python,True,True,Apache License 2.0
opsnull,opsnull/rust-axum-course,2024-09-16T14:18:47Z,2024-01-04T02:25:35Z,0,0,,True,True,Apache License 2.0
lilydjwg,lilydjwg/expiringdict-rs,2024-09-16T09:32:10Z,2024-09-16T09:33:25Z,4,4,Rust,True,True,
mritd,mritd/armbian,2024-09-16T02:59:26Z,2024-09-16T05:38:39Z,0,0,,True,True,
michaelliao,michaelliao/gitsite-wx-extension,2024-09-16T02:23:06Z,2024-09-16T02:23:07Z,0,0,,True,True,GNU General Public License v3.0
hardfist,hardfist/nuxt-rspack,2024-09-16T01:42:51Z,2024-09-16T15:35:54Z,8,8,TypeScript,True,True,
Apache9,Apache9/HBaseNightliesCleaner,2024-09-15T13:10:45Z,2024-09-16T07:15:14Z,0,0,Java,True,True,Apache License 2.0
anjoy8,anjoy8/bcvp.vue3,2024-09-15T09:16:38Z,2024-10-28T06:14:52Z,14,14,Vue,True,True,
lilydjwg,lilydjwg/sqlx,2024-09-15T06:22:18Z,2024-09-17T00:50:24Z,0,0,Rust,True,True,Apache License 2.0
zhuzilin,zhuzilin/OpenRLHF,2024-09-14T13:58:23Z,2024-10-26T12:40:51Z,1,1,Python,True,True,Apache License 2.0
wangfupeng1988,wangfupeng1988/next-intl-demo,2024-09-14T08:04:01Z,2024-09-14T08:04:35Z,2,2,TypeScript,True,True,
wizardforcel,wizardforcel/PythonDataScienceHandbook,2024-09-14T05:50:37Z,2024-09-14T05:53:20Z,3,3,Jupyter Notebook,True,True,MIT License
wizardforcel,wizardforcel/pydata-book,2024-09-14T04:43:38Z,2024-09-14T04:48:34Z,1,1,Jupyter Notebook,True,True,Other
yinxin630,yinxin630/m-team-tracker,2024-09-13T16:02:17Z,2024-09-29T01:28:46Z,0,0,TypeScript,True,True,
Apache9,Apache9/test_nn,2024-09-13T11:32:07Z,2024-09-14T09:23:05Z,1,1,Java,True,True,
yangfuhai,yangfuhai/ollama,2024-09-13T06:32:48Z,2024-09-13T06:36:45Z,0,0,,True,False,MIT License
xiaolai,xiaolai/chatbox,2024-09-12T08:01:52Z,2024-09-09T14:09:03Z,0,0,,True,True,GNU General Public License v3.0
hailiang-wang,hailiang-wang/TPU-Edge-AI,2024-09-12T02:51:57Z,2024-07-05T03:27:45Z,0,0,,True,True,Other
hailiang-wang,hailiang-wang/SD-lcm-tpu,2024-09-12T01:09:07Z,2024-09-03T06:38:07Z,0,0,,True,True,
hailiang-wang,hailiang-wang/SDXL-tpu,2024-09-12T01:08:49Z,2023-12-18T12:16:27Z,0,0,,True,True,
lotem,lotem/typewriter,2024-09-11T17:31:52Z,2024-10-25T05:10:16Z,1,1,Rust,True,False,
soulteary,soulteary/Cronicle,2024-09-11T13:20:05Z,2024-09-11T13:21:05Z,0,0,,True,True,Other
ftiasch,ftiasch/rime-auto-deploy,2024-09-11T05:01:55Z,2024-09-26T03:38:13Z,0,0,Ruby,True,False,MIT License
hardfist,hardfist/docusaurus,2024-09-11T03:28:27Z,2024-09-20T15:57:57Z,0,0,,True,False,MIT License
chyyuu,chyyuu/aos-lectures,2024-09-10T15:41:13Z,2024-10-16T00:32:45Z,0,0,TeX,True,True,Creative Commons Zero v1.0 Universal
ZhangHanDong,ZhangHanDong/robrix,2024-09-10T10:28:38Z,2024-10-16T05:02:06Z,0,0,Rust,True,False,MIT License
lsongdev,lsongdev/apk-go,2024-09-10T09:04:38Z,2024-09-13T17:20:44Z,0,0,Go,True,True,MIT License
ouuan,ouuan/ctrl-qbittorrent,2024-09-10T02:30:08Z,2024-09-10T16:14:57Z,0,0,,True,False,MIT License
jayli,jayli/mini-vcr,2024-09-09T02:32:25Z,2024-09-26T04:20:50Z,0,0,TypeScript,True,True,MIT License
imDazui,imDazui/SearchSearchGo,2024-09-09T01:23:00Z,2024-02-24T06:30:38Z,1,1,,True,True,MIT License
imDazui,imDazui/DailyHot,2024-09-09T01:02:54Z,2024-07-29T15:02:15Z,0,0,,True,True,MIT License
imDazui,imDazui/DailyHotApi,2024-09-09T00:47:51Z,2024-08-15T03:33:49Z,0,0,,True,True,MIT License
sunng87,sunng87/metabase,2024-09-08T21:22:14Z,2024-09-08T21:22:35Z,1,1,,True,True,Other
killop,killop/W3Rebuild,2024-09-08T15:32:51Z,2024-01-24T00:41:40Z,0,0,,True,True,
cyyself,cyyself/coremark,2024-09-08T09:04:23Z,2024-09-30T03:46:58Z,0,0,,True,True,Other
ezshine,ezshine/moyu-desktop,2024-09-08T04:07:37Z,2024-09-08T05:29:07Z,0,0,Rust,True,True,
michaelliao,michaelliao/riscv-isa,2024-09-08T02:47:24Z,2024-09-08T13:49:53Z,3,3,HTML,False,False,Creative Commons Attribution 4.0 International
yanqiangmiffy,yanqiangmiffy/MinerU,2024-09-07T09:17:07Z,2024-09-07T13:38:23Z,0,0,,True,False,GNU Affero General Public License v3.0
mozillazg,mozillazg/tetragon,2024-09-07T09:14:05Z,2024-09-13T14:01:08Z,0,0,,True,False,Apache License 2.0
cucygh,cucygh/napi-canon-cameras,2024-09-07T08:22:25Z,2024-04-10T15:09:40Z,0,0,,True,False,GNU General Public License v3.0
XueshiQiao,XueshiQiao/XFRP,2024-09-07T07:26:33Z,2024-09-28T16:02:27Z,2,2,Swift,True,True,MIT License
soulteary,soulteary/dify-easy,2024-09-07T02:27:59Z,2024-09-10T19:36:48Z,1,1,JavaScript,True,True,Apache License 2.0
ezshine,ezshine/Vue-mmPlayer,2024-09-06T23:21:36Z,2024-02-21T12:39:25Z,0,0,,True,True,MIT License
ezshine,ezshine/SPlayer,2024-09-06T23:06:19Z,2024-08-23T03:33:19Z,0,0,,True,True,GNU Affero General Public License v3.0
guanzhi,guanzhi/guanzhi.github.io,2024-09-06T07:37:55Z,2024-09-06T08:09:11Z,0,0,,True,False,
githubhaohao,githubhaohao/GLSL-Card,2024-09-06T05:51:38Z,2019-01-10T11:15:42Z,1,1,,True,True,
hailiang-wang,hailiang-wang/jianshang-sync,2024-09-06T04:34:51Z,2024-09-05T16:25:00Z,0,0,,True,True,GNU Lesser General Public License v3.0
sunng87,sunng87/greptimedb-sqlalchemy,2024-09-05T22:55:43Z,2024-09-18T21:25:26Z,5,5,Python,True,True,
lsongdev,lsongdev/myip,2024-09-05T17:43:58Z,2024-09-06T04:42:39Z,0,0,HTML,True,True,
cucygh,cucygh/canon_cr3,2024-09-05T02:53:49Z,2024-07-26T07:16:13Z,0,0,,True,True,GNU General Public License v3.0
wangrongding,wangrongding/webcodecs,2024-09-04T09:39:35Z,2024-08-19T14:28:49Z,0,0,,True,True,Other
ouuan,ouuan/OI-Wiki-export,2024-09-04T08:37:28Z,2024-10-27T00:36:11Z,0,0,,True,True,MIT License
ezshine,ezshine/uniapp-githubaction-demo,2024-09-04T02:23:15Z,2024-09-04T02:23:15Z,0,0,,True,True,MIT License
lsongdev,lsongdev/sudoku,2024-09-03T13:50:44Z,2024-09-03T13:50:48Z,0,0,HTML,True,True,
Qihoo360,Qihoo360/Inner-Adaptor-Architecture,2024-09-03T06:58:21Z,2024-08-29T06:51:55Z,0,0,,True,True,
Qihoo360,Qihoo360/FancyVideo,2024-09-03T06:57:34Z,2024-09-01T14:49:32Z,0,0,,True,True,
wfnuser,wfnuser/CheatCode4Life,2024-09-03T03:30:08Z,2024-09-03T03:30:08Z,1,1,,True,True,
zeyangli,zeyangli/java-11-examples,2024-09-03T03:14:23Z,2024-09-03T03:18:30Z,0,0,Java,True,True,Apache License 2.0
WillemJiang,WillemJiang/pythonExample,2024-09-03T00:31:21Z,2024-09-03T03:53:40Z,1,1,Python,True,True,Apache License 2.0
Zheaoli,Zheaoli/ecapture,2024-09-02T14:10:56Z,2024-09-02T14:34:33Z,0,0,,True,True,Apache License 2.0
soulteary,soulteary/docker-iventoy-pxe-server,2024-09-02T11:11:18Z,2024-09-02T11:11:18Z,1,1,,True,True,Apache License 2.0
lsongdev,lsongdev/wenjuan,2024-09-02T10:56:00Z,2024-09-03T13:47:13Z,0,0,JavaScript,True,True,
wfnuser,wfnuser/IndieTrack,2024-09-02T10:39:53Z,2024-09-02T10:44:05Z,1,1,,True,True,
magic-akari,magic-akari/libheic,2024-09-02T09:22:12Z,2024-10-13T10:28:29Z,0,0,Objective-C++,True,False,MIT License
the5fire,the5fire/HivisionIDPhotos,2024-09-02T04:59:27Z,2024-09-02T04:47:59Z,0,0,,True,True,
WangYihang,WangYihang/php-src,2024-09-01T15:15:51Z,2024-10-21T04:25:07Z,1,1,C,True,False,Other
qinix,qinix/hftbacktest,2024-08-30T20:00:00Z,2024-08-27T15:05:58Z,0,0,,True,False,MIT License
qhduan,qhduan/cursor,2024-08-30T18:03:47Z,2024-08-25T21:25:55Z,0,0,,True,True,
wszqkzqk,wszqkzqk/clab_docs,2024-08-30T16:09:01Z,2024-08-30T16:18:26Z,0,0,,True,True,MIT License
magic-akari,magic-akari/pkgs,2024-08-30T12:07:23Z,2024-10-24T09:46:42Z,0,0,,True,False,
hiyouga,hiyouga/Qwen2-VL,2024-08-30T07:15:04Z,2024-09-01T15:15:25Z,0,0,,True,False,
yanqiangmiffy,yanqiangmiffy/GoMate,2024-08-30T03:05:07Z,2024-08-30T02:54:56Z,0,0,,True,False,
Sharpiless,Sharpiless/LLM-Career-Toolkit,2024-08-30T01:48:29Z,2024-08-30T02:04:27Z,4,4,,True,True,
Sharpiless,Sharpiless/Awesome-Depth-Completion,2024-08-29T05:30:22Z,2024-09-01T02:22:27Z,5,5,,True,True,
Sharpiless,Sharpiless/awesome-state-of-depth-completion,2024-08-29T05:03:20Z,2023-07-28T01:00:03Z,0,0,,True,True,
icarusion,icarusion/MoonshotAI-Cookbook,2024-08-29T03:31:44Z,2024-07-08T04:52:57Z,0,0,,True,True,
wfnuser,wfnuser/youbet-task,2024-08-28T12:54:40Z,2024-10-28T03:15:26Z,1,1,TypeScript,True,False,MIT License
tcc0lin,tcc0lin/picx-images-hosting,2024-08-28T06:20:00Z,2024-09-08T06:39:59Z,0,0,,True,True,
yu-changqian,yu-changqian/cursor.directory,2024-08-28T06:17:30Z,2024-08-28T06:40:48Z,0,0,,True,True,
danpovey,danpovey/patches,2024-08-27T21:41:45Z,2024-08-27T23:17:33Z,4,4,Python,True,True,
XueshiQiao,XueshiQiao/srs,2024-08-27T14:09:05Z,2024-08-24T14:41:34Z,0,0,,True,True,MIT License
XueshiQiao,XueshiQiao/TRTC_Web,2024-08-27T13:58:08Z,2024-08-27T14:02:07Z,0,0,JavaScript,True,True,
ZhangHanDong,ZhangHanDong/makepad,2024-08-27T13:03:18Z,2024-09-02T23:31:39Z,0,0,,True,True,MIT License
Fallen-Breath,Fallen-Breath/SnapshotFollower,2024-08-27T07:25:29Z,2024-10-01T17:59:14Z,0,0,Python,True,False,GNU Lesser General Public License v3.0
shenzhe,shenzhe/geektime-books,2024-08-27T07:19:53Z,2023-01-26T16:42:05Z,0,0,,True,True,
Fallen-Breath,Fallen-Breath/MCDReforgedPluginTemplate,2024-08-27T07:10:23Z,2024-10-01T17:58:21Z,0,0,Python,True,True,GNU Lesser General Public License v3.0
lsongdev,lsongdev/forwarder-go,2024-08-27T06:55:09Z,2024-10-16T10:32:30Z,0,0,Go,True,True,
zhuzilin,zhuzilin/megablocks,2024-08-27T06:28:17Z,2024-08-27T08:28:58Z,0,0,Python,True,True,Apache License 2.0
hua1995116,hua1995116/Deep-Live-Cam,2024-08-26T17:25:26Z,2024-08-24T09:38:50Z,0,0,,True,True,GNU Affero General Public License v3.0
WangYihang,WangYihang/upptime,2024-08-26T09:22:01Z,2024-10-28T01:23:48Z,0,0,Markdown,True,True,MIT License
hardfist,hardfist/rust-sourcemap,2024-08-26T09:10:09Z,2024-08-02T09:22:52Z,0,0,,True,False,Other
shibing624,shibing624/weibo-roast,2024-08-26T03:49:01Z,2024-09-21T10:26:16Z,10,10,Python,True,True,Apache License 2.0
ezshine,ezshine/threejs-basketball,2024-08-25T11:49:15Z,2024-08-25T11:49:15Z,1,1,,True,True,GNU Affero General Public License v3.0
cucygh,cucygh/Deep-Live-Cam,2024-08-25T08:54:31Z,2024-08-24T09:38:50Z,0,0,,True,True,GNU Affero General Public License v3.0
lilydjwg,lilydjwg/matrixutils,2024-08-25T07:11:58Z,2024-10-06T09:20:49Z,0,0,Rust,True,True,
lilydjwg,lilydjwg/archutils,2024-08-25T06:30:56Z,2024-08-25T07:36:41Z,2,2,Python,True,True,GNU General Public License v3.0
youkaichao,youkaichao/shared_buffer_extension,2024-08-25T04:26:16Z,2024-08-25T04:38:06Z,1,1,C++,True,True,MIT License
ezshine,ezshine/KodEMU,2024-08-24T17:21:19Z,2024-08-24T17:48:04Z,7,7,JavaScript,True,True,
cucygh,cucygh/jellyfin,2024-08-24T09:23:36Z,2024-08-23T23:09:59Z,0,0,,True,False,GNU General Public License v2.0
slievrly,slievrly/controller-tools,2024-08-23T09:14:01Z,2024-08-15T15:53:58Z,0,0,,True,True,Apache License 2.0
wangfupeng1988,wangfupeng1988/collab-demo-prosemirror,2024-08-23T08:29:59Z,2024-08-23T08:30:32Z,1,1,CSS,True,True,
WangYihang,WangYihang/uio,2024-08-23T05:26:40Z,2024-09-10T06:17:22Z,0,0,Go,True,True,MIT License
qcrao,qcrao/aiposter.app,2024-08-23T02:36:00Z,2024-08-22T17:24:47Z,0,0,,True,False,
liuhuanyong,liuhuanyong/ebook,2024-08-22T07:18:10Z,2022-09-22T08:32:23Z,2,2,,True,True,
wfnuser,wfnuser/Blockchain-Technology-and-Application-Notes-2018,2024-08-21T14:13:59Z,2024-09-17T11:16:34Z,1,1,,True,True,
lotem,lotem/rune,2024-08-21T08:42:23Z,2024-08-21T22:14:04Z,0,0,Rust,True,True,Apache License 2.0
hailiang-wang,hailiang-wang/gnucash-rest,2024-08-21T08:12:12Z,2024-07-24T03:32:24Z,0,0,,True,True,
yanyiwu,yanyiwu/causalml,2024-08-21T08:03:24Z,2024-09-02T00:52:53Z,1,1,,True,True,Other
LinuxSuRen,LinuxSuRen/plugin-oauth2,2024-08-21T01:10:01Z,2024-08-06T08:34:43Z,0,0,,True,True,GNU General Public License v3.0
michaelliao,michaelliao/sync-s3-compatible-action,2024-08-21T01:06:01Z,2024-08-26T04:26:49Z,3,3,Python,True,True,GNU General Public License v3.0
soulteary,soulteary/dify-with-qwen-vl,2024-08-20T12:56:52Z,2024-09-02T09:46:06Z,23,23,Python,True,True,Apache License 2.0
wfnuser,wfnuser/zkp-notes,2024-08-20T10:35:45Z,2024-08-20T10:38:02Z,1,1,,True,True,
huandu,huandu/superset,2024-08-18T10:26:50Z,2024-08-21T07:04:00Z,0,0,,True,True,Apache License 2.0
hardfist,hardfist/decode-sourcemap,2024-08-18T01:41:20Z,2024-08-18T09:36:18Z,0,0,JavaScript,True,True,
hardfist,hardfist/webpack-source-examples,2024-08-18T01:30:32Z,2024-08-19T07:27:38Z,0,0,JavaScript,True,True,MIT License
wfnuser,wfnuser/evm-internal,2024-08-18T00:25:07Z,2024-08-18T03:33:15Z,2,2,,True,True,
wfnuser,wfnuser/ETH-Shenzhen-2024,2024-08-17T14:44:39Z,2024-08-18T05:46:58Z,1,1,,True,True,
yanyiwu,yanyiwu/gosimhash-demo,2024-08-17T13:41:14Z,2024-08-17T14:31:12Z,0,0,Go,True,True,MIT License
LinuxSuRen,LinuxSuRen/cloudwego.github.io,2024-08-16T10:30:07Z,2024-08-19T02:00:50Z,0,0,,True,True,Apache License 2.0
rainx,rainx/next.js,2024-08-16T03:05:24Z,2024-08-16T01:50:44Z,0,0,,True,False,MIT License
lsongdev,lsongdev/mac-mouse-fix,2024-08-16T03:01:01Z,2024-08-30T02:07:45Z,0,0,Objective-C,True,False,Other
chenryn,chenryn/python-readability-cn,2024-08-16T02:53:29Z,2024-09-12T03:54:22Z,0,0,Python,True,True,MIT License
lsongdev,lsongdev/clash-app,2024-08-16T02:52:36Z,2024-08-16T02:22:21Z,0,0,,True,False,GNU General Public License v3.0
hardfist,hardfist/github-webpack-iife-bug,2024-08-16T02:44:14Z,2024-08-16T02:44:20Z,0,0,JavaScript,True,True,
hailiang-wang,hailiang-wang/gnucash,2024-08-16T00:23:14Z,2024-08-16T01:29:11Z,0,0,,True,False,Other
lsongdev,lsongdev/wallet,2024-08-15T12:11:18Z,2024-09-10T10:35:33Z,1,1,JavaScript,True,True,
cucygh,cucygh/teslamate,2024-08-15T09:35:02Z,2024-08-14T21:26:28Z,0,0,,True,False,MIT License
wfnuser,wfnuser/test-tutorial-1,2024-08-15T08:41:53Z,2024-08-15T08:41:53Z,1,1,,True,True,
tonyseek,tonyseek/unitr,2024-08-15T07:39:18Z,2024-08-17T08:35:43Z,0,0,Rust,False,False,MIT License
msnh2012,msnh2012/cryptopp-cmake,2024-08-14T15:33:00Z,2024-06-04T05:04:52Z,0,0,,True,True,"BSD 3-Clause ""New"" or ""Revised"" License"
lsongdev,lsongdev/piano,2024-08-14T14:46:04Z,2024-08-27T06:43:23Z,0,0,JavaScript,True,True,
lsongdev,lsongdev/drumpad,2024-08-14T14:07:45Z,2024-08-27T06:41:54Z,0,0,JavaScript,True,True,
msnh2012,msnh2012/quazip,2024-08-14T08:57:20Z,2024-07-31T09:26:51Z,0,0,,True,True,Other
drmingdrmer,drmingdrmer/tonbo,2024-08-14T08:31:19Z,2024-08-14T06:52:19Z,0,0,,True,True,Apache License 2.0
msnh2012,msnh2012/cryptopp,2024-08-14T08:08:48Z,2024-08-01T06:15:57Z,0,0,,True,False,Other
lsongdev,lsongdev/shooter-game,2024-08-14T05:40:28Z,2024-08-14T07:31:41Z,0,0,JavaScript,True,True,
lsongdev,lsongdev/snake-game,2024-08-14T04:56:07Z,2024-08-14T07:32:27Z,0,0,JavaScript,True,True,
lsongdev,lsongdev/math-game,2024-08-14T03:38:27Z,2024-08-15T18:05:25Z,0,0,JavaScript,True,True,
ezshine,ezshine/linkToThePast,2024-08-13T17:42:12Z,2024-08-12T19:02:50Z,0,0,,True,True,
wszqkzqk,wszqkzqk/How-To-Ask-Questions-The-Smart-Way,2024-08-13T11:13:59Z,2022-04-11T05:26:59Z,0,0,,True,True,
Charmve,Charmve/LocalPay,2024-08-13T08:50:44Z,2024-08-13T09:08:10Z,1,1,,True,True,MIT License
thunlp,thunlp/Chujian,2024-08-13T08:41:21Z,2024-08-14T08:04:27Z,0,0,Python,True,False,
Pana,Pana/execution-apis,2024-08-13T07:07:12Z,2024-08-12T19:12:56Z,0,0,,True,False,Creative Commons Zero v1.0 Universal
cucygh,cucygh/awesome-programming-books,2024-08-13T06:38:44Z,2021-08-26T16:09:38Z,0,0,,True,True,
cucygh,cucygh/NewConceptEnglish,2024-08-13T06:33:16Z,2024-01-15T01:36:15Z,0,0,,True,True,
wszqkzqk,wszqkzqk/loongarch-packages,2024-08-13T04:42:31Z,2024-10-28T07:40:29Z,0,0,Shell,True,True,GNU General Public License v3.0
magic-akari,magic-akari/MSST-WebUI,2024-08-13T01:15:44Z,2024-08-14T03:27:24Z,0,0,Python,True,True,GNU Affero General Public License v3.0
hardfist,hardfist/deno_emit,2024-08-12T15:54:01Z,2024-08-12T15:55:12Z,0,0,,True,False,MIT License
hailiang-wang,hailiang-wang/jhbuild,2024-08-12T09:13:58Z,2024-08-12T09:19:39Z,0,0,Python,True,True,GNU General Public License v2.0
Pana,Pana/alloy-rs-chains,2024-08-12T07:18:59Z,2024-08-26T11:33:22Z,0,0,Rust,True,False,Apache License 2.0
mxdldev,mxdldev/harmony_mvvm_news,2024-08-12T02:57:58Z,2024-08-30T08:36:47Z,7,7,TypeScript,True,True,Apache License 2.0
cyyself,cyyself/mt7981-usb-sfp-patcher,2024-08-11T11:45:49Z,2024-09-08T07:17:08Z,1,1,Python,True,True,
hardfist,hardfist/deno_ast,2024-08-11T03:09:56Z,2024-08-11T03:11:25Z,0,0,,True,False,MIT License
hailiang-wang,hailiang-wang/gnucash-on-osx.original,2024-08-11T02:17:09Z,2024-07-18T19:34:31Z,0,0,,True,False,
mozillazg,mozillazg/btfhub-archive,2024-08-10T09:05:44Z,2024-08-10T12:24:10Z,0,0,,True,False,Apache License 2.0
longcw,longcw/Qwen2-Audio,2024-08-10T07:23:45Z,2024-08-10T07:24:41Z,0,0,,True,False,
dalinvip,dalinvip/producthunt-daily-hot,2024-08-10T04:10:48Z,2024-08-10T01:51:42Z,0,0,,True,True,MIT License
lotem,lotem/zmk-config-cygnus-atratus,2024-08-09T15:20:53Z,2024-09-01T03:22:00Z,0,0,,True,False,
yanyiwu,yanyiwu/nodejieba-demo,2024-08-09T14:04:55Z,2024-10-06T13:28:56Z,0,0,JavaScript,True,True,MIT License
yanyiwu,yanyiwu/gojieba-demo,2024-08-09T14:03:51Z,2024-09-14T15:52:20Z,0,0,Go,True,True,
LinuxSuRen,LinuxSuRen/RustyVault,2024-08-09T10:55:32Z,2024-08-06T02:55:41Z,0,0,,True,False,Apache License 2.0
ZhangHanDong,ZhangHanDong/tokeneer,2024-08-09T10:10:41Z,2024-08-10T03:09:58Z,0,0,,True,True,MIT License
Sunny-117,Sunny-117/electron,2024-08-09T07:55:54Z,2024-08-22T08:31:05Z,5,5,JavaScript,True,True,
hailiang-wang,hailiang-wang/cv_resume_tpl,2024-08-09T02:22:20Z,2022-04-19T10:13:40Z,0,0,,True,True,MIT License
wh0amitz,wh0amitz/CVE-2024-38077-POC,2024-08-09T02:18:18Z,2024-08-09T02:11:24Z,0,0,,True,True,
LinuxSuRen,LinuxSuRen/oauth-hub,2024-08-09T01:44:38Z,2024-08-09T13:53:43Z,1,1,Go,True,True,
lilydjwg,lilydjwg/transgender-pride-3,2024-08-08T12:01:57Z,2024-08-09T12:42:56Z,0,0,Python,True,True,"BSD 3-Clause ""New"" or ""Revised"" License"
msnh2012,msnh2012/Imath,2024-08-08T09:18:08Z,2024-08-07T11:36:25Z,0,0,,True,True,"BSD 3-Clause ""New"" or ""Revised"" License"
liuhuanyong,liuhuanyong/RAG_KBQA,2024-08-08T07:52:52Z,2024-08-08T07:52:52Z,4,4,,True,True,
LinuxSuRen,LinuxSuRen/core,2024-08-08T03:01:40Z,2024-08-08T01:53:09Z,0,0,,True,True,Apache License 2.0
unixhot,unixhot/bookinfo,2024-08-08T01:11:20Z,2024-08-08T01:24:06Z,0,0,Python,True,True,Apache License 2.0
Relph1119,Relph1119/spark-ai-python,2024-08-07T08:14:04Z,2024-07-29T06:54:11Z,0,0,,True,True,MIT License
Relph1119,Relph1119/Prompt-Engineering-Guide,2024-08-07T08:04:23Z,2024-07-22T11:44:52Z,0,0,,True,True,MIT License
hardfist,hardfist/deno,2024-08-07T06:11:13Z,2024-08-12T16:16:53Z,0,0,,True,True,MIT License
lsongdev,lsongdev/chat,2024-08-07T04:18:28Z,2024-08-07T06:09:36Z,0,0,JavaScript,True,True,
thunlp,thunlp/UniMem,2024-08-07T03:37:06Z,2024-08-14T11:29:45Z,5,5,Python,True,True,
HuangCongQing,HuangCongQing/LiDARWeather,2024-08-07T02:48:02Z,2024-08-16T07:49:49Z,1,1,Python,True,True,Apache License 2.0
hardfist,hardfist/docusaurus-rspack,2024-08-06T11:21:36Z,2024-08-06T12:11:55Z,0,0,JavaScript,True,True,
neil3d,neil3d/ActorRuntimeDetails,2024-08-06T10:20:03Z,2020-10-03T01:19:59Z,0,0,,True,True,
thunlp,thunlp/CA-LoRA,2024-08-06T08:29:07Z,2024-09-28T05:43:56Z,5,5,Python,True,False,
cucygh,cucygh/pwa-install,2024-08-06T07:55:28Z,2024-08-05T09:25:02Z,0,0,,True,False,MIT License
rpplusplus,rpplusplus/SurgeConfig,2024-08-05T12:00:48Z,2024-08-05T12:01:31Z,0,0,TypeScript,True,True,
Relph1119,Relph1119/java-common-mistakes-note,2024-08-05T11:48:28Z,2024-08-23T09:04:05Z,0,0,Java,True,True,
cucygh,cucygh/architecture.of.internet-product,2024-08-05T07:19:33Z,2024-02-17T12:02:24Z,0,0,,True,True,
imfht,imfht/flutter_native_demo,2024-08-04T23:24:14Z,2024-08-04T23:25:09Z,0,0,C++,True,True,Other
xiaolai,xiaolai/100-Very-Short-Sentences-in-American-English,2024-08-04T22:58:59Z,2024-08-05T09:08:47Z,32,32,HTML,True,True,
soulteary,soulteary/traefik-minio-example,2024-08-04T16:24:55Z,2024-08-05T08:07:58Z,5,5,,True,True,Apache License 2.0
cucygh,cucygh/freeCodeCamp,2024-08-04T14:46:21Z,2024-08-04T11:05:25Z,0,0,,True,False,"BSD 3-Clause ""New"" or ""Revised"" License"
drmingdrmer,drmingdrmer/raft-rs,2024-08-04T13:14:04Z,2024-08-03T16:49:47Z,1,1,,True,False,MIT License
soulteary,soulteary/traefik-v3-example,2024-08-04T07:37:14Z,2024-08-04T12:25:40Z,17,17,Shell,True,True,Apache License 2.0
AbangLZU,AbangLZU/small_gicp,2024-08-04T07:24:20Z,2024-07-01T07:25:29Z,2,2,,True,False,MIT License
XueshiQiao,XueshiQiao/excalidraw,2024-08-04T03:13:25Z,2024-03-23T17:41:40Z,0,0,,True,False,MIT License
ashawkey,ashawkey/fbxloader,2024-08-03T21:42:38Z,2024-08-05T18:35:41Z,9,9,Python,True,True,MIT License
michaelliao,michaelliao/redirect.liaoxuefeng.com,2024-08-03T11:06:26Z,2024-08-09T04:42:02Z,3,3,,True,True,GNU General Public License v3.0
rfyiamcool,rfyiamcool/v8go,2024-08-02T10:50:47Z,2024-08-02T10:55:02Z,2,2,Go,True,False,"BSD 3-Clause ""New"" or ""Revised"" License"
Pana,Pana/jsonrpc-proxy,2024-08-02T10:14:08Z,2024-08-12T10:50:48Z,0,0,JavaScript,True,True,
lilydjwg,lilydjwg/https-speed,2024-08-02T08:51:40Z,2024-08-04T02:55:16Z,4,4,Rust,True,True,
singgel,singgel/igw,2024-08-02T02:59:54Z,2024-08-02T08:52:30Z,0,0,,True,True,
singgel,singgel/bgw,2024-08-02T02:59:26Z,2024-08-02T03:04:16Z,0,0,,True,True,
PkuRainBow,PkuRainBow/flux,2024-08-02T02:27:38Z,2024-08-01T16:15:31Z,1,1,,True,True,Apache License 2.0
michaelliao,michaelliao/simple-url-shortener,2024-08-01T11:33:22Z,2024-08-09T04:38:40Z,3,3,JavaScript,True,True,GNU General Public License v3.0
mozillazg,mozillazg/ack-ram-authenticator,2024-07-31T10:14:56Z,2024-09-10T07:08:50Z,0,0,,True,True,Apache License 2.0
LinuxSuRen,LinuxSuRen/eureka,2024-07-31T06:21:52Z,2024-07-01T23:04:03Z,0,0,,True,True,Apache License 2.0
jasl,jasl/polkadot-hackathon-2024,2024-07-31T05:44:55Z,2024-08-28T14:14:47Z,0,0,Rust,True,True,
yanyiwu,yanyiwu/yanyiwu,2024-07-31T05:17:42Z,2024-07-31T05:25:54Z,0,0,,True,True,
WangYihang,WangYihang/harnesscd-example-apps,2024-07-31T04:26:45Z,2024-04-30T03:16:52Z,0,0,,True,True,
LinuxSuRen,LinuxSuRen/eureka-client,2024-07-31T03:20:44Z,2022-03-30T03:37:22Z,0,0,,True,True,
LinuxSuRen,LinuxSuRen/feign,2024-07-31T02:55:15Z,2024-07-29T05:26:54Z,0,0,,True,True,Apache License 2.0
wszqkzqk,wszqkzqk/live-photo-conv,2024-07-30T16:43:55Z,2024-10-28T14:17:30Z,8,8,Vala,True,True,GNU Lesser General Public License v2.1
lsongdev,lsongdev/admin-page,2024-07-30T10:25:43Z,2024-09-10T10:50:41Z,0,0,HTML,True,True,
hailiang-wang,hailiang-wang/Coursera-ML-AndrewNg-Notes,2024-07-30T07:55:14Z,2024-06-10T00:47:49Z,0,0,,True,True,
yanqiangmiffy,yanqiangmiffy/kaggle-leap-competition-codes,2024-07-30T07:21:21Z,2024-07-13T13:23:42Z,1,1,,True,False,
PkuRainBow,PkuRainBow/segment-anything-2,2024-07-30T01:35:12Z,2024-07-29T23:55:09Z,0,0,,True,False,Apache License 2.0
leiurayer,leiurayer/Downkyi.BiliSharp,2024-07-29T15:31:44Z,2024-07-29T15:36:42Z,0,0,,True,True,MIT License
leiurayer,leiurayer/Avalonia.GIF,2024-07-29T15:04:07Z,2024-07-23T18:04:33Z,0,0,,True,True,MIT License
michaelliao,michaelliao/redirect-vercel,2024-07-29T14:06:58Z,2024-07-29T14:10:30Z,1,1,JavaScript,True,True,
ducafecat,ducafecat/flutter_package_ducafe_ui_core,2024-07-29T13:12:51Z,2024-10-26T09:03:49Z,5,5,Dart,True,True,"BSD 3-Clause ""New"" or ""Revised"" License"
521xueweihan,521xueweihan/testCFOR,2024-07-29T13:05:35Z,2024-07-29T13:05:35Z,0,0,,True,True,
Zheaoli,Zheaoli/v_escape,2024-07-29T11:06:26Z,2024-07-25T17:11:24Z,0,0,,True,False,Other
magic-akari,magic-akari/llvm-project,2024-07-29T06:30:47Z,2024-07-29T06:31:03Z,0,0,,True,False,Other
lsongdev,lsongdev/Pearcleaner,2024-07-29T05:37:04Z,2024-10-25T06:14:27Z,0,0,Swift,True,False,Other
soulteary,soulteary/tpu-mlir,2024-07-29T04:14:24Z,2024-07-29T04:15:05Z,1,1,,True,True,Other
jasl,jasl/parity-common,2024-07-28T17:29:08Z,2024-09-11T13:07:28Z,0,0,,True,True,Apache License 2.0
lilydjwg,lilydjwg/fcitx5-dictsync,2024-07-28T06:14:05Z,2024-07-28T06:14:19Z,4,4,Rust,True,True,
zema1,zema1/websocket,2024-07-28T05:13:57Z,2024-07-28T05:16:27Z,0,0,,True,False,"BSD 2-Clause ""Simplified"" License"
michaelliao,michaelliao/gitsite-comment-mysql,2024-07-27T09:04:03Z,2024-08-05T08:36:58Z,0,0,JavaScript,True,True,GNU General Public License v3.0
overmind1980,overmind1980/oracle,2024-07-27T06:48:40Z,2024-08-25T03:16:58Z,0,0,Python,True,True,
hardfist,hardfist/rsnext-demo,2024-07-26T10:39:27Z,2024-08-01T08:46:25Z,2,2,TypeScript,True,True,
hardfist,hardfist/next-rc-issue,2024-07-26T08:08:45Z,2024-07-26T08:09:00Z,0,0,CSS,True,True,
mxdldev,mxdldev/harmony_example_2,2024-07-25T07:20:37Z,2024-08-12T01:57:51Z,0,0,TypeScript,True,True,
hardfist,hardfist/unpack,2024-07-25T00:06:51Z,2024-10-26T13:33:07Z,64,64,Rust,True,True,Other
WangYihang,WangYihang/KE-complex_modifications,2024-07-24T10:48:16Z,2024-07-24T11:06:52Z,0,0,JavaScript,True,False,The Unlicense
XuehaiPan,XuehaiPan/flax,2024-07-24T04:03:43Z,2024-10-23T09:52:10Z,0,0,Python,True,True,Apache License 2.0
LinuxSuRen,LinuxSuRen/daytona,2024-07-24T03:09:59Z,2024-07-25T08:55:11Z,0,0,,True,True,Apache License 2.0
danfenghong,danfenghong/IEEE_TGRS_LRR-Net,2024-07-24T02:44:40Z,2024-07-24T02:44:40Z,7,7,,True,True,
lsongdev,lsongdev/clash-demo,2024-07-23T16:30:24Z,2024-07-26T17:01:24Z,0,0,JavaScript,True,True,
huandu,huandu/flutter-quill,2024-07-23T07:02:44Z,2024-07-30T04:48:11Z,0,0,Dart,True,True,MIT License
zeyangli,zeyangli/myiac,2024-07-23T00:32:47Z,2024-07-23T00:35:55Z,0,0,C,True,True,
Zheaoli,Zheaoli/nadeshiko,2024-07-22T15:48:06Z,2024-10-27T16:06:11Z,1,1,Python,True,True,MIT License
FASTSHIFT,FASTSHIFT/SparkFun_u-blox_GNSS_v3,2024-07-22T15:23:53Z,2024-04-18T14:27:11Z,1,1,,True,True,Other
xinliangnote,xinliangnote/vvbot,2024-07-22T14:03:57Z,2024-07-23T01:05:14Z,11,11,,True,True,
FASTSHIFT,FASTSHIFT/mapsforge,2024-07-22T12:58:52Z,2024-07-21T08:02:47Z,0,0,,True,True,GNU Lesser General Public License v3.0
cyyself,cyyself/c-compiler-test,2024-07-21T15:41:27Z,2024-07-24T07:40:17Z,0,0,C++,True,True,
DianQK,DianQK/nix-on-termux-bootstrap,2024-07-21T12:55:29Z,2024-07-21T12:56:11Z,3,3,Shell,True,True,
mxdldev,mxdldev/harmony_example_1,2024-07-21T11:28:31Z,2024-07-24T08:06:33Z,0,0,TypeScript,True,True,
yanyiwu,yanyiwu/nodesimhash,2024-07-21T09:24:01Z,2024-07-21T09:24:02Z,0,0,,True,True,MIT License
thu-ml,thu-ml/Jetfire-INT8Training,2024-07-21T01:31:18Z,2024-07-21T02:29:35Z,21,21,Jupyter Notebook,True,True,
hailiang-wang,hailiang-wang/win-tools,2024-07-20T08:26:16Z,2018-02-13T15:30:10Z,0,0,,True,True,
cyyself,cyyself/verilator-poor-performance-cases,2024-07-19T09:47:19Z,2024-07-19T10:02:25Z,0,0,C++,True,True,
yangfuhai,yangfuhai/tiptap-extensions,2024-07-19T02:13:37Z,2023-12-15T17:47:31Z,0,0,,True,True,
magic-akari,magic-akari/swc-playground,2024-07-18T17:05:49Z,2024-08-03T15:23:53Z,0,0,,True,False,MIT License
rootsongjc,rootsongjc/picx-images-hosting,2024-07-18T07:23:11Z,2024-07-18T07:23:14Z,0,0,,True,True,
TyCoding,TyCoding/awesome-langchain4j,2024-07-18T02:28:05Z,2024-07-18T02:40:12Z,0,0,,True,True,Apache License 2.0
wanglong,wanglong/OPCUA.Demo,2024-07-17T14:14:06Z,2024-07-17T14:24:20Z,0,0,C#,True,True,
wanglong,wanglong/DotNetGuide,2024-07-17T14:12:51Z,2024-07-16T13:45:16Z,0,0,,True,True,MIT License
zhuzilin,zhuzilin/grouped_gemm,2024-07-17T10:35:21Z,2024-07-18T05:10:26Z,0,0,,True,True,Apache License 2.0
LinuxSuRen,LinuxSuRen/dubbo-go-samples,2024-07-17T02:27:09Z,2024-07-18T01:53:29Z,0,0,,True,True,Apache License 2.0
cyyself,cyyself/verilator-slow-compile-cases,2024-07-16T16:27:15Z,2024-07-17T13:23:28Z,0,0,C++,True,True,
DianQK,DianQK/nix-on-termux,2024-07-16T14:44:21Z,2024-09-23T10:36:53Z,0,0,Nix,True,True,MIT License
daimajia,daimajia/huntscreens-puppeteer,2024-07-16T05:46:37Z,2024-08-06T05:03:31Z,2,2,TypeScript,True,True,
Sunny-117,Sunny-117/vite-plugin-react-devtools,2024-07-16T03:24:28Z,2024-07-16T03:52:47Z,5,5,TypeScript,True,True,MIT License
Fallen-Breath,Fallen-Breath/mc-registry-dump,2024-07-15T16:10:55Z,2024-10-26T12:30:28Z,0,0,Java,True,False,GNU Lesser General Public License v3.0
XueshiQiao,XueshiQiao/Asspp,2024-07-15T10:31:41Z,2024-07-15T06:22:55Z,0,0,,True,False,GNU General Public License v3.0
hardfist,hardfist/webpack-rspack-design-pattern,2024-07-14T09:47:09Z,2024-09-11T03:16:50Z,3,3,JavaScript,True,True,MIT License
youkaichao,youkaichao/flash-attention,2024-07-13T22:04:33Z,2024-07-22T06:28:24Z,1,1,Python,True,False,"BSD 3-Clause ""New"" or ""Revised"" License"
Fallen-Breath,Fallen-Breath/vianifixes,2024-07-13T13:44:36Z,2024-10-22T19:17:12Z,1,1,Java,True,True,GNU Lesser General Public License v3.0
magic-akari,magic-akari/test262,2024-07-12T19:31:03Z,2024-07-15T11:55:45Z,0,0,JavaScript,True,True,Other
Tsinghua-MARS-Lab,Tsinghua-MARS-Lab/CVT-Occ,2024-07-12T14:52:09Z,2024-10-09T16:13:22Z,97,97,Python,True,True,
magic-akari,magic-akari/boa,2024-07-12T11:49:03Z,2024-07-12T11:51:16Z,0,0,,True,True,MIT License
LinuxSuRen,LinuxSuRen/public-image-mirror,2024-07-12T08:46:28Z,2024-08-12T01:58:45Z,0,0,,True,False,Apache License 2.0
cyyself,cyyself/verilator,2024-07-12T06:37:19Z,2024-07-16T02:13:26Z,0,0,C++,True,False,GNU Lesser General Public License v3.0
chaitin,chaitin/t1k-go,2024-07-12T06:30:55Z,2024-08-08T10:36:38Z,2,2,Go,True,True,Apache License 2.0
chaitin,chaitin/traefik-safeline,2024-07-12T06:14:20Z,2024-08-08T10:39:21Z,2,2,Go,True,True,
lsongdev,lsongdev/mqtt-demo,2024-07-11T05:08:24Z,2024-07-11T14:19:29Z,1,1,HTML,True,True,
youkaichao,youkaichao/buildkite-ci,2024-07-10T05:00:33Z,2024-08-17T04:12:59Z,0,0,HCL,True,False,
qcrao,qcrao/works.qcrao.com,2024-07-10T04:21:16Z,2024-09-01T12:32:19Z,1,1,CSS,True,False,MIT License
Relph1119,Relph1119/LearnPrompt,2024-07-10T01:03:42Z,2024-05-21T06:20:33Z,1,1,,True,True,
Relph1119,Relph1119/awesome-chatgpt-prompts,2024-07-10T00:59:57Z,2024-07-08T09:30:43Z,0,0,,True,False,Creative Commons Zero v1.0 Universal
rcore-os,rcore-os/arceos-mirror,2024-07-09T12:19:19Z,2024-08-07T07:05:50Z,1,1,Rust,True,True,Apache License 2.0
rootsongjc,rootsongjc/istio-multi-cluster,2024-07-09T08:33:42Z,2024-07-10T08:49:50Z,5,5,Shell,False,False,Apache License 2.0
rootsongjc,rootsongjc/istio-on-eks,2024-07-09T08:10:56Z,2024-07-09T09:13:07Z,0,0,HCL,True,True,MIT No Attribution
wangfupeng1988,wangfupeng1988/hocuspocus-collaborative-edit-demo,2024-07-09T06:36:45Z,2024-07-11T02:15:17Z,1,1,TypeScript,True,True,
hailiang-wang,hailiang-wang/ChatDoc-TPU,2024-07-09T00:46:56Z,2024-06-05T07:19:55Z,0,0,,True,True,
ashawkey,ashawkey/vscode-mesh-viewer,2024-07-08T23:55:29Z,2024-10-28T12:06:35Z,47,47,JavaScript,True,True,MIT License
XuehaiPan,XuehaiPan/safetensors,2024-07-08T18:47:02Z,2024-07-06T01:55:16Z,0,0,,True,True,Apache License 2.0
tcc0lin,tcc0lin/KeyAttestation,2024-07-08T03:06:10Z,2024-06-26T09:52:12Z,1,1,,True,False,
Pana,Pana/safe-eth-py,2024-07-08T02:56:16Z,2024-07-08T06:39:03Z,0,0,,True,True,MIT License
Pana,Pana/safe-core-sdk,2024-07-08T02:54:54Z,2024-07-05T14:45:37Z,0,0,,True,False,MIT License
Pana,Pana/safe-deployments,2024-07-08T02:53:50Z,2024-07-05T14:44:43Z,0,0,,True,True,MIT License
hardfist,hardfist/npmrc,2024-07-07T14:16:53Z,2024-06-11T08:09:25Z,0,0,,True,True,Other
Pana,Pana/chains,2024-07-07T11:35:25Z,2024-07-19T11:04:05Z,0,0,Kotlin,True,False,MIT License
yangfuhai,yangfuhai/docker-registry,2024-07-07T08:58:09Z,2024-07-04T02:46:31Z,0,0,,True,True,
XuehaiPan,XuehaiPan/python-versions,2024-07-06T16:02:23Z,2024-07-06T17:10:43Z,0,0,,True,False,MIT License
cyyself,cyyself/cdim-ready-to-run,2024-07-06T13:30:27Z,2024-07-06T13:31:03Z,0,0,,True,True,
sunng87,sunng87/rust-postgres,2024-07-06T07:25:37Z,2024-09-27T02:26:48Z,0,0,,True,False,Apache License 2.0
lilydjwg,lilydjwg/roll-it-back,2024-07-05T15:25:04Z,2024-07-06T06:34:40Z,3,3,Rust,True,True,"BSD 3-Clause ""New"" or ""Revised"" License"
disksing,disksing/opting-out,2024-07-05T11:39:38Z,2024-07-05T11:43:19Z,0,0,HTML,True,True,"BSD 3-Clause ""New"" or ""Revised"" License"
lilydjwg,lilydjwg/btrfsutil-rs,2024-07-05T10:19:40Z,2024-07-05T10:20:26Z,0,0,Rust,True,False,MIT License
Vonng,Vonng/seatunnel,2024-07-05T05:58:14Z,2024-07-08T06:15:57Z,0,0,Java,True,True,Apache License 2.0
Fallen-Breath,Fallen-Breath/fanetlib,2024-07-04T13:09:54Z,2024-08-16T15:22:16Z,0,0,Java,True,False,GNU Lesser General Public License v3.0
lsongdev,lsongdev/lsongdev,2024-07-04T12:43:36Z,2024-09-11T16:53:46Z,0,0,,True,True,
cyyself,cyyself/llvm-project,2024-07-04T10:01:39Z,2024-10-14T09:02:06Z,0,0,LLVM,True,False,Other
521xueweihan,521xueweihan/spring-reading,2024-07-04T09:18:28Z,2024-07-04T09:20:48Z,5,5,,True,True,MIT License
521xueweihan,521xueweihan/go-size-analyzer,2024-07-04T09:10:16Z,2024-07-04T09:03:32Z,0,0,,True,True,GNU Affero General Public License v3.0
lsongdev,lsongdev/start,2024-07-04T08:27:04Z,2024-09-20T06:14:29Z,0,0,HTML,True,True,
Qihoo360,Qihoo360/fc-templates,2024-07-04T07:47:17Z,2024-10-23T09:47:09Z,0,0,,True,True,
yu-changqian,yu-changqian/yu-changqian.github.io,2024-07-04T06:37:38Z,2024-10-08T09:46:58Z,2,2,HTML,True,False,MIT License
yangfuhai,yangfuhai/omniparse,2024-07-04T02:25:53Z,2024-07-04T02:26:34Z,0,0,,True,False,GNU General Public License v3.0
youkaichao,youkaichao/py_blame,2024-07-03T22:16:07Z,2024-08-12T02:59:46Z,2,2,Python,True,True,MIT License
LinuxSuRen,LinuxSuRen/library,2024-07-03T09:01:30Z,2024-07-03T09:01:30Z,1,1,,True,True,Apache License 2.0
disksing,disksing/fake-screenshot,2024-07-03T07:45:40Z,2024-07-07T15:09:24Z,17,17,HTML,True,True,"BSD 3-Clause ""New"" or ""Revised"" License"
imfht,imfht/torrent-spider,2024-07-03T01:30:33Z,2024-07-03T01:33:37Z,0,0,Go,True,True,MIT License
bigeagle,bigeagle/AutoIF,2024-07-02T13:14:37Z,2024-07-01T08:14:40Z,0,0,,True,False,Apache License 2.0
hardfist,hardfist/ng-rspack,2024-07-02T09:46:23Z,2024-07-02T09:49:56Z,0,0,,True,True,
msnh2012,msnh2012/books-3,2024-07-02T09:11:00Z,2012-11-24T11:06:49Z,0,0,,True,True,
Relph1119,Relph1119/effective-java-3e-notes,2024-07-01T12:30:21Z,2020-10-28T20:11:11Z,0,0,,True,True,
zce,zce/magicui,2024-07-01T11:55:46Z,2024-07-01T11:57:17Z,1,1,,True,False,MIT License
Sunny-117,Sunny-117/text-processor,2024-07-01T07:24:26Z,2024-07-02T11:16:11Z,3,3,Rust,True,True,MIT License
hua1995116,hua1995116/FMHYedit,2024-07-01T07:09:29Z,2024-07-01T07:10:32Z,0,0,,True,False,
LinuxSuRen,LinuxSuRen/eladmin-web,2024-07-01T01:45:05Z,2024-07-01T02:28:40Z,0,0,,True,False,Apache License 2.0
bennyhuo,bennyhuo/kotlin,2024-07-01T01:30:20Z,2024-09-16T09:30:34Z,0,0,,True,False,
521xueweihan,521xueweihan/PyTorch-Tutorial-2nd,2024-06-30T14:02:17Z,2024-06-30T14:02:37Z,10,10,,True,True,
lyhue1991,lyhue1991/coze,2024-06-30T13:48:00Z,2024-06-30T13:53:49Z,28,28,Jupyter Notebook,True,True,
LinuxSuRen,LinuxSuRen/eladmin,2024-06-30T07:10:51Z,2024-07-01T02:23:02Z,0,0,,True,False,Apache License 2.0
wfnuser,wfnuser/youbet-gm,2024-06-30T06:05:14Z,2024-06-30T06:18:47Z,1,1,TypeScript,True,False,MIT License
Zheaoli,Zheaoli/PicImpact,2024-06-29T16:14:50Z,2024-06-29T17:14:15Z,0,0,,True,True,MIT License
ZhangHanDong,ZhangHanDong/my-gear-academy,2024-06-29T15:28:10Z,2024-06-29T15:28:10Z,0,0,,True,True,MIT License
wfnuser,wfnuser/youbet-admin,2024-06-29T14:13:17Z,2024-06-30T03:46:36Z,1,1,TypeScript,True,False,MIT License
cyyself,cyyself/riscv-opcodes,2024-06-29T07:32:46Z,2024-09-04T15:54:01Z,0,0,,True,True,"BSD 3-Clause ""New"" or ""Revised"" License"
ZhangHanDong,ZhangHanDong/rooch,2024-06-28T14:42:17Z,2024-07-04T15:26:32Z,0,0,,True,True,Apache License 2.0
Vonng,Vonng/duckdb_fdw,2024-06-28T10:03:40Z,2024-10-14T00:39:08Z,0,0,PLpgSQL,True,True,MIT License
wangrunji0408,wangrunji0408/arrow-udf,2024-06-28T08:17:12Z,2024-06-26T09:17:40Z,0,0,,True,True,Apache License 2.0
hua1995116,hua1995116/tap4-ai-webui,2024-06-28T06:56:26Z,2024-06-22T06:18:11Z,0,0,,True,True,MIT License
LinuxSuRen,LinuxSuRen/goInsight,2024-06-28T00:27:35Z,2024-06-27T09:05:19Z,0,0,,True,True,MIT License
Relph1119,Relph1119/impatient-core-java,2024-06-27T14:28:24Z,2024-06-27T14:34:58Z,0,0,Java,True,True,
cyyself,cyyself/zicldst_test,2024-06-27T11:24:22Z,2024-06-27T14:04:38Z,0,0,C,True,True,
soulteary,soulteary/weaviate,2024-06-27T08:24:50Z,2024-06-27T08:27:16Z,0,0,Go,True,True,"BSD 3-Clause ""New"" or ""Revised"" License"
